Home Goal Avg,Avg Home Goals Conceded,Away Goal Avg,Avg Away Goal Conceded
1.5069444444444444,1.2152777777777777,1.2152777777777777,1.5069444444444444
